时间,经度,纬度,传感器类型,AA_1,AA_2,MMSI编号,信号源批号,目标编号
2018042911133080,128.255166,28.35187,A,161.9926,162.0712,369970409,1501,23
2018042911282966,124.285974,26.0713045,A,161.9793,162.1407,430603542,1503,24
2018042910365057,123.682705,27.9810719,A,162.063,162.1882,441253860,1584,25
